{"32": [0.13229166716337204, 0.19458333253860474, 0.23281250298023223, 0.2973958313465118, 0.3038541615009308, 0.3140625, 0.30291666388511657, 0.3241666674613953, 0.2953125, 0.3300000071525574, 0.3152083337306976, 0.3446874976158142, 0.32770833373069763, 0.33635416626930237, 0.33583333492279055, 0.33197916150093076, 0.3314583361148834, 0.32833333015441896, 0.3255208253860474, 0.3375], "64": [0.1302083358168602, 0.18614583015441893, 0.274062505364418, 0.28750000298023226, 0.2973958313465118, 0.3260416626930237, 0.31479166746139525, 0.35270833373069765, 0.3478125035762787, 0.34958332777023315, 0.33885416984558103, 0.34375, 0.35677083134651183, 0.3474999964237213, 0.33781249523162843, 0.34270832538604734, 0.34635416865348817, 0.343645840883255, 0.3544791638851166, 0.3533333301544189], "128": [0.14239583313465118, 0.22520833611488342, 0.3073958337306976, 0.3237499952316284, 0.31500000357627866, 0.3332291662693024, 0.35166666507720945, 0.3601041615009308, 0.35583332777023313, 0.3633333325386047, 0.3564583361148834, 0.34697917103767395, 0.3522916615009308, 0.35052083134651185, 0.3646875023841858, 0.3554166674613953, 0.35145832896232604, 0.36052083373069765, 0.36854166388511655, 0.3664583384990692]}