{"0": [0.14239583313465118, 0.22520833611488342, 0.3073958337306976, 0.3237499952316284, 0.31500000357627866, 0.3332291662693024, 0.35166666507720945, 0.3601041615009308, 0.35583332777023313, 0.3633333325386047], "0.001": [0.125, 0.2536458373069763, 0.20781250298023224, 0.328125, 0.32499998807907104, 0.3057291805744171, 0.3213541805744171, 0.34322917461395264, 0.34322917461395264, 0.32864582538604736], "0.01": [0.125, 0.12552084028720856, 0.20416666567325592, 0.31197917461395264, 0.24895833432674408, 0.2604166567325592, 0.24166665971279144, 0.19583334028720856, 0.27031248807907104, 0.2958333194255829], "0.1": [0.125, 0.125, 0.125, 0.13958333432674408, 0.19739583134651184, 0.125, 0.1588541716337204, 0.2614583373069763, 0.12552084028720856, 0.19166666269302368], "1": [0.125, 0.125, 0.125, 0.125, 0.125, 0.125, 0.125, 0.125, 0.125, 0.125]}