{"0.0001": [0.12604166567325592, 0.13333334028720856, 0.26770833134651184, 0.26614582538604736, 0.28177082538604736, 0.3062500059604645, 0.30416667461395264, 0.2874999940395355, 0.3109374940395355, 0.32083332538604736], "0.001": [0.14239583313465118, 0.22520833611488342, 0.3073958337306976, 0.3237499952316284, 0.31500000357627866, 0.3332291662693024, 0.35166666507720945, 0.3601041615009308, 0.35583332777023313, 0.3633333325386047], "0.01": [0.125, 0.125, 0.1234, 0.1271, 0.125, 0.125, 0.125, 0.125, 0.125, 0.125]}